iter	Logloss
0	0.6790032188
1	0.6666553969
2	0.6557871475
3	0.6449242605
4	0.6356936081
5	0.6268838088
6	0.6184319876
7	0.6108288183
8	0.6041901238
9	0.5976852779
10	0.591823335
11	0.5862090492
12	0.5814279607
13	0.5768912331
14	0.5728480204
15	0.5690638567
16	0.5654506097
17	0.562140793
18	0.5592089825
